Asmir Begovic,Goalkeeper,981,Asmir Begovic - AFC Bournemouth,121
Artur Boruc,Goalkeeper,981,Artur Boruc - AFC Bournemouth,121
Aaron Ramsdale,Goalkeeper,981,Aaron Ramsdale - AFC Bournemouth,121
Nathan Ake,Defender,981,Nathan Ake - AFC Bournemouth,121
Steve Cook,Defender,981,Steve Cook - AFC Bournemouth,121
Charlie Daniels,Defender,981,Charlie Daniels - AFC Bournemouth,121
Simon Francis,Defender,981,Simon Francis - AFC Bournemouth,121
Jordan Lee,Defender,981,Jordan Lee - AFC Bournemouth,121
Tyrone Mings,Defender,981,Tyrone Mings - AFC Bournemouth,121
Diego Rico,Defender,981,Diego Rico - AFC Bournemouth,121
Jack Simpson,Defender,981,Jack Simpson - AFC Bournemouth,121
Adam Smith,Defender,981,Adam Smith - AFC Bournemouth,121
Brad Smith,Defender,981,Brad Smith - AFC Bournemouth,121
David Brooks,Midfielder,981,David Brooks - AFC Bournemouth,121
Matt Butcher,Midfielder,981,Matt Butcher - AFC Bournemouth,121
Lewis Cook,Midfielder,981,Lewis Cook - AFC Bournemouth,121
Ryan Fraser,Midfielder,981,Ryan Fraser - AFC Bournemouth,121
Dan Gosling,Midfielder,981,Dan Gosling - AFC Bournemouth,121
Emerson Hyndman,Midfielder,981,Emerson Hyndman - AFC Bournemouth,121
Jordon Ibe,Midfielder,981,Jordon Ibe - AFC Bournemouth,121
Jefferson Lerma,Midfielder,981,Jefferson Lerma - AFC Bournemouth,121
Connor Mahoney,Midfielder,981,Connor Mahoney - AFC Bournemouth,121
Mark Pugh,Midfielder,981,Mark Pugh - AFC Bournemouth,121
Junior Stanislas,Midfielder,981,Junior Stanislas - AFC Bournemouth,121
Andrew Surman,Midfielder,981,Andrew Surman - AFC Bournemouth,121
Kyle Taylor,Midfielder,981,Kyle Taylor - AFC Bournemouth,121
Matthew Worthington,Midfielder,981,Matthew Worthington - AFC Bournemouth,121
Jermain Defoe,Striker,981,Jermain Defoe - AFC Bournemouth,121
Josh King,Striker,981,Josh King - AFC Bournemouth,121
Lys Mousset,Striker,981,Lys Mousset - AFC Bournemouth,121
Sam Surridge,Striker,981,Sam Surridge - AFC Bournemouth,121
Callum Wilson,Striker,981,Callum Wilson - AFC Bournemouth,121
Petr Cech,Goalkeeper,982,Petr Cech - Arsenal,121
Bernd Leno,Goalkeeper,982,Bernd Leno - Arsenal,121
Matthew Macey,Goalkeeper,982,Matthew Macey - Arsenal,121
Emiliano Martinez,Goalkeeper,982,Emiliano Martinez - Arsenal,121
David Ospina,Goalkeeper,982,David Ospina - Arsenal,121
Hector Bellerin,Defender,982,Hector Bellerin - Arsenal,121
Rob Holding,Defender,982,Rob Holding - Arsenal,121
Carl Jenkinson,Defender,982,Carl Jenkinson - Arsenal,121
Sead Kolasinac,Defender,982,Sead Kolasinac - Arsenal,121
Laurent Koscielny,Defender,982,Laurent Koscielny - Arsenal,121
Stephan Lichtsteiner,Defender,982,Stephan Lichtsteiner - Arsenal,121
Konstantinos Mavropanos,Defender,982,Konstantinos Mavropanos - Arsenal,121
Nacho Monreal,Defender,982,Nacho Monreal - Arsenal,121
Shkodran Mustafi,Defender,982,Shkodran Mustafi - Arsenal,121
Jordi Osei-Tutu,Defender,982,Jordi Osei-Tutu - Arsenal,121
Papa(stathopoulos) Sokratis,Defender,982,Papa(stathopoulos) Sokratis - Arsenal,121
Mohamed Elneny,Midfielder,982,Mohamed Elneny - Arsenal,121
Matteo Guendouzi,Midfielder,982,Matteo Guendouzi - Arsenal,121
Alex Iwobi,Midfielder,982,Alex Iwobi - Arsenal,121
Ainsley Maitland-Niles,Midfielder,982,Ainsley Maitland-Niles - Arsenal,121
Henrikh Mkhitaryan,Midfielder,982,Henrikh Mkhitaryan - Arsenal,121
Reiss Nelson,Midfielder,982,Reiss Nelson - Arsenal,121
Kelechi Nwakali,Midfielder,982,Kelechi Nwakali - Arsenal,121
Mesut Ozil,Midfielder,982,Mesut Ozil - Arsenal,121
Aaron Ramsey,Midfielder,982,Aaron Ramsey - Arsenal,121
Lucas Torreira,Midfielder,982,Lucas Torreira - Arsenal,121
Joseph Willock,Midfielder,982,Joseph Willock - Arsenal,121
Granit Xhaka,Midfielder,982,Granit Xhaka - Arsenal,121
Chuba Akpom,Striker,982,Chuba Akpom - Arsenal,121
Takuma Asano,Striker,982,Takuma Asano - Arsenal,121
Pierre-Emerick Aubameyang,Striker,982,Pierre-Emerick Aubameyang - Arsenal,121
Alexandre Lacazette,Striker,982,Alexandre Lacazette - Arsenal,121
Edward Nketiah,Striker,982,Edward Nketiah - Arsenal,121
Emile Smith-Rowe,Striker,982,Emile Smith-Rowe - Arsenal,121
Danny Welbeck,Striker,982,Danny Welbeck - Arsenal,121
David Button,Goalkeeper,,David Button - Brighton & Hove Albion,121
Mathew Ryan,Goalkeeper,,Mathew Ryan - Brighton & Hove Albion,121
Jason Steele,Goalkeeper,,Jason Steele - Brighton & Hove Albion,121
Leonardo Balogun,Defender,,Leonardo Balogun - Brighton & Hove Albion,121
Bernardo,Defender,,Bernardo - Brighton & Hove Albion,121
Gaetan Bong,Defender,,Gaetan Bong - Brighton & Hove Albion,121
Bruno,Defender,,Bruno - Brighton & Hove Albion,121
Dan Burn,Defender,,Dan Burn - Brighton & Hove Albion,121
Shane Duffy,Defender,,Shane Duffy - Brighton & Hove Albion,121
Lewis Dunk,Defender,,Lewis Dunk - Brighton & Hove Albion,121
Joshua Kerr,Defender,,Joshua Kerr - Brighton & Hove Albion,121
Ales Mateju,Defender,,Ales Mateju - Brighton & Hove Albion,121
Martin Montoya,Defender,,Martin Montoya - Brighton & Hove Albion,121
Masato Morishige,Defender,,Masato Morishige - Brighton & Hove Albion,121
Leo Skiri Ostigard,Defender,,Leo Skiri Ostigard - Brighton & Hove Albion,121
Ben White,Defender,,Ben White - Brighton & Hove Albion,121
Soufyan Ahannach,Midfielder,,Soufyan Ahannach - Brighton & Hove Albion,121
Billy Arce,Midfielder,,Billy Arce - Brighton & Hove Albion,121
Yves Bissouma,Midfielder,,Yves Bissouma - Brighton & Hove Albion,121
Pascal Gross,Midfielder,,Pascal Gross - Brighton & Hove Albion,121
Des Hutchinson,Midfielder,,Des Hutchinson - Brighton & Hove Albion,121
Alireza Jahanbakhsh,Midfielder,,Alireza Jahanbakhsh - Brighton & Hove Albion,121
Beram Kayal,Midfielder,,Beram Kayal - Brighton & Hove Albion,121
Anthony Knockaert,Midfielder,,Anthony Knockaert - Brighton & Hove Albion,121
Solly March,Midfielder,,Solly March - Brighton & Hove Albion,121
Jayson Molumby,Midfielder,,Jayson Molumby - Brighton & Hove Albion,121
Oliver Norwood,Midfielder,,Oliver Norwood - Brighton & Hove Albion,121
Davy Propper,Midfielder,,Davy Propper - Brighton & Hove Albion,121
Ezequiel Schelotto,Midfielder,,Ezequiel Schelotto - Brighton & Hove Albion,121
Dale Stephens,Midfielder,,Dale Stephens - Brighton & Hove Albion,121
Markus Suttner,Midfielder,,Markus Suttner - Brighton & Hove Albion,121
Richie Towell,Midfielder,,Richie Towell - Brighton & Hove Albion,121
Florin(e) Andone,Striker,,Florin(e) Andone - Brighton & Hove Albion,121
Sam Baldock,Striker,,Sam Baldock - Brighton & Hove Albion,121
Isaiah Brown,Striker,,Isaiah Brown - Brighton & Hove Albion,121
Tomer Hemed,Striker,,Tomer Hemed - Brighton & Hove Albion,121
Jose Izquierdo-Mena,Striker,,Jose Izquierdo-Mena - Brighton & Hove Albion,121
Jurgen Locadia,Striker,,Jurgen Locadia - Brighton & Hove Albion,121
Glenn Murray,Striker,,Glenn Murray - Brighton & Hove Albion,121
Jiri Skalak,Striker,,Jiri Skalak - Brighton & Hove Albion,121
Percy Tau,Striker,,Percy Tau - Brighton & Hove Albion,121
Joe Hart,Goalkeeper,984,Joe Hart - Burnley,121
Tom Heaton,Goalkeeper,984,Tom Heaton - Burnley,121
Adam Legzdins,Goalkeeper,984,Adam Legzdins - Burnley,121
Anders Lindegaard,Goalkeeper,984,Anders Lindegaard - Burnley,121
Nick Pope,Goalkeeper,984,Nick Pope - Burnley,121
Phil Bardsley,Defender,984,Phil Bardsley - Burnley,121
Ben Gibson,Defender,984,Ben Gibson - Burnley,121
Kevin Long,Defender,984,Kevin Long - Burnley,121
Matthew Lowton,Defender,984,Matthew Lowton - Burnley,121
Ben Mee,Defender,984,Ben Mee - Burnley,121
James Tarkowski,Defender,984,James Tarkowski - Burnley,121
Charlie Taylor,Defender,984,Charlie Taylor - Burnley,121
Stephen Ward,Defender,984,Stephen Ward - Burnley,121
Robbie Brady,Midfielder,984,Robbie Brady - Burnley,121
Jack Cork,Midfielder,984,Jack Cork - Burnley,121
Steven Defour,Midfielder,984,Steven Defour - Burnley,121
Johann Berg Gudmundsson,Midfielder,984,Johann Berg Gudmundsson - Burnley,121
Jeff Hendrick,Midfielder,984,Jeff Hendrick - Burnley,121
Robbie Leitch,Midfielder,984,Robbie Leitch - Burnley,121
Aaron Lennon,Midfielder,984,Aaron Lennon - Burnley,121
Aiden O'Neill,Midfielder,984,Aiden O'Neill - Burnley,121
Ashley Westwood,Midfielder,984,Ashley Westwood - Burnley,121
Dan Agyei,Striker,984,Dan Agyei - Burnley,121
Ashley Barnes,Striker,984,Ashley Barnes - Burnley,121
Rouwen Hennings,Striker,984,Rouwen Hennings - Burnley,121
Dwight McNeil,Striker,984,Dwight McNeil - Burnley,121
Sam Vokes,Striker,984,Sam Vokes - Burnley,121
Matej Vydra,Striker,984,Matej Vydra - Burnley,121
Jon Walters,Striker,984,Jon Walters - Burnley,121
Nahki Wells,Striker,984,Nahki Wells - Burnley,121
Chris Wood,Striker,984,Chris Wood - Burnley,121
Neil Etheridge,Goalkeeper,985,Neil Etheridge - Cardiff City,121
Brian Murphy,Goalkeeper,985,Brian Murphy - Cardiff City,121
Alex Smithies,Goalkeeper,985,Alex Smithies - Cardiff City,121
Ben Wilson,Goalkeeper,985,Ben Wilson - Cardiff City,121
Solly Bamba,Defender,985,Solly Bamba - Cardiff City,121
Joe Bennett,Defender,985,Joe Bennett - Cardiff City,121
Matthew Connolly,Defender,985,Matthew Connolly - Cardiff City,121
Greg Cunningham,Defender,985,Greg Cunningham - Cardiff City,121
Greg Halford,Defender,985,Greg Halford - Cardiff City,121
Bruno Ecuele Manga,Defender,985,Bruno Ecuele Manga - Cardiff City,121
Sean Morrison,Defender,985,Sean Morrison - Cardiff City,121
Callum Paterson,Defender,985,Callum Paterson - Cardiff City,121
Lee Peltier,Defender,985,Lee Peltier - Cardiff City,121
Jazz Richards,Defender,985,Jazz Richards - Cardiff City,121
Armand Traore,Defender,985,Armand Traore - Cardiff City,121
Craig Bryson,Midfielder,985,Craig Bryson - Cardiff City,121
Harry Arter,Midfielder,985,Harry Arter - Cardiff City,121
Loic Damour,Midfielder,985,Loic Damour - Cardiff City,121
Liam Feeney,Midfielder,985,Liam Feeney - Cardiff City,121
Aron Gunnarsson,Midfielder,985,Aron Gunnarsson - Cardiff City,121
Kadeem Harris,Midfielder,985,Kadeem Harris - Cardiff City,121
Junior Hoilett,Midfielder,985,Junior Hoilett - Cardiff City,121
Nathaniel Mendez-Laing,Midfielder,985,Nathaniel Mendez-Laing - Cardiff City,121
Josh Murphy,Midfielder,985,Josh Murphy - Cardiff City,121
Anthony Pilkington,Midfielder,985,Anthony Pilkington - Cardiff City,121
Joe Ralls,Midfielder,985,Joe Ralls - Cardiff City,121
Yanic Wildschut,Midfielder,985,Yanic Wildschut - Cardiff City,121
Victor Camarasa,Striker,985,Victor Camarasa - Cardiff City,121
Frederic Gounongbe,Striker,985,Frederic Gounongbe - Cardiff City,121
Gary Madine,Striker,985,Gary Madine - Cardiff City,121
Ibrahim Meite,Striker,985,Ibrahim Meite - Cardiff City,121
Bobby Reid,Striker,985,Bobby Reid - Cardiff City,121
Danny Ward,Striker,985,Danny Ward - Cardiff City,121
Kenneth Zohore,Striker,985,Kenneth Zohore - Cardiff City,121
Kepa Arrizabalaga,Goalkeeper,986,Kepa Arrizabalaga - Chelsea,121
Willy Caballero,Goalkeeper,986,Willy Caballero - Chelsea,121
Metaj Delac,Goalkeeper,986,Metaj Delac - Chelsea,121
Eduardo,Goalkeeper,986,Eduardo - Chelsea,121
Robert Green,Goalkeeper,986,Robert Green - Chelsea,121
Temitayo Olufisayo 'Ola'oluwa Aina,Defender,986,Temitayo Olufisayo 'Ola'oluwa Aina - Chelsea,121
Marcos Alonso,Defender,986,Marcos Alonso - Chelsea,121
Cezar Azpilicueta,Defender,986,Cezar Azpilicueta - Chelsea,121
Gary Cahill,Defender,986,Gary Cahill - Chelsea,121
Trevoh Chalobah,Defender,986,Trevoh Chalobah - Chelsea,121
Andreas Christensen,Defender,986,Andreas Christensen - Chelsea,121
Jake Clarke-Salter,Defender,986,Jake Clarke-Salter - Chelsea,121
David Luiz,Defender,986,David Luiz - Chelsea,121
Matt Miazga,Defender,986,Matt Miazga - Chelsea,121
Emerson Palmieri dos Santos,Defender,986,Emerson Palmieri dos Santos - Chelsea,121
Baba Rahman,Defender,986,Baba Rahman - Chelsea,121
Antonio Rudiger,Defender,986,Antonio Rudiger - Chelsea,121
Dujon Sterling,Defender,986,Dujon Sterling - Chelsea,121
Fikayo Tomori,Defender,986,Fikayo Tomori - Chelsea,121
Davide Zappacosta,Defender,986,Davide Zappacosta - Chelsea,121
Ethan Ampadu,Midfielder,986,Ethan Ampadu - Chelsea,121
Tiemoue Bakayoko,Midfielder,986,Tiemoue Bakayoko - Chelsea,121
Ross Barkley,Midfielder,986,Ross Barkley - Chelsea,121
Cristian Cuevas,Midfielder,986,Cristian Cuevas - Chelsea,121
Danny Drinkwater,Midfielder,986,Danny Drinkwater - Chelsea,121
Cesc Fabregas,Midfielder,986,Cesc Fabregas - Chelsea,121
Eden Hazard,Midfielder,986,Eden Hazard - Chelsea,121
Callum Hudson-Odoi,Midfielder,986,Callum Hudson-Odoi - Chelsea,121
Jorginho,Midfielder,986,Jorginho - Chelsea,121
N'Golo Kante,Midfielder,986,N'Golo Kante - Chelsea,121
Mateo Kovacic,Midfielder,986,Mateo Kovacic - Chelsea,121
Ruben Loftus-Cheek,Midfielder,986,Ruben Loftus-Cheek - Chelsea,121
Victor Moses,Midfielder,986,Victor Moses - Chelsea,121
Charly Musonda,Midfielder,986,Charly Musonda - Chelsea,121
Pedro,Midfielder,986,Pedro - Chelsea,121
Kyle Scott,Midfielder,986,Kyle Scott - Chelsea,121
Marcos van Ginkel,Midfielder,986,Marcos van Ginkel - Chelsea,121
Willian,Midfielder,986,Willian - Chelsea,121
Tammy Abraham,Striker,986,Tammy Abraham - Chelsea,121
Michy Batshuayi,Striker,986,Michy Batshuayi - Chelsea,121
Izzy Brown,Striker,986,Izzy Brown - Chelsea,121
Olivier Giroud,Striker,986,Olivier Giroud - Chelsea,121
Alvaro Morata,Striker,986,Alvaro Morata - Chelsea,121
Kasey Palmer,Striker,986,Kasey Palmer - Chelsea,121
Vicente Guaita,Goalkeeper,987,Vicente Guaita - Crystal Palace,121
Wayne Hennessey,Goalkeeper,987,Wayne Hennessey - Crystal Palace,121
Julian Speroni,Goalkeeper,987,Julian Speroni - Crystal Palace,121
Scott Dann,Defender,987,Scott Dann - Crystal Palace,121
Jaroslaw Jach,Defender,987,Jaroslaw Jach - Crystal Palace,121
Martin Kelly,Defender,987,Martin Kelly - Crystal Palace,121
Jairo Riedewald,Defender,987,Jairo Riedewald - Crystal Palace,121
Mamadou Sakho,Defender,987,Mamadou Sakho - Crystal Palace,121
Jeffrey Schlupp,Defender,987,Jeffrey Schlupp - Crystal Palace,121
Pape Souare,Defender,987,Pape Souare - Crystal Palace,121
James Tomkins,Defender,987,James Tomkins - Crystal Palace,121
Patrick van Aanholt,Defender,987,Patrick van Aanholt - Crystal Palace,121
Joel Ward,Defender,987,Joel Ward - Crystal Palace,121
Nya Kirby,Midfielder,987,Nya Kirby - Crystal Palace,121
Cheikhou Kouyate,Midfielder,987,Cheikhou Kouyate - Crystal Palace,121
Jason Lokilo,Midfielder,987,Jason Lokilo - Crystal Palace,121
James McArthur,Midfielder,987,James McArthur - Crystal Palace,121
Max Meyer,Midfielder,987,Max Meyer - Crystal Palace,121
Luka Milivojevic,Midfielder,987,Luka Milivojevic - Crystal Palace,121
Jordon Mutch,Midfielder,987,Jordon Mutch - Crystal Palace,121
Jason Puncheon,Midfielder,987,Jason Puncheon - Crystal Palace,121
Erdal Rakip,Midfielder,987,Erdal Rakip - Crystal Palace,121
Bakary Sako,Midfielder,987,Bakary Sako - Crystal Palace,121
Andros Townsend,Midfielder,987,Andros Townsend - Crystal Palace,121
Aaron Wan-Bissaka,Midfielder,987,Aaron Wan-Bissaka - Crystal Palace,121
Jonny Williams,Midfielder,987,Jonny Williams - Crystal Palace,121
Jordan Ayew,Striker,987,Jordan Ayew - Crystal Palace,121
Christian Benteke,Striker,987,Christian Benteke - Crystal Palace,121
Sullay Kaikai,Striker,987,Sullay Kaikai - Crystal Palace,121
Levi Lumeka,Striker,987,Levi Lumeka - Crystal Palace,121
Alexander Sorloth,Striker,987,Alexander Sorloth - Crystal Palace,121
Connor Wickham,Striker,987,Connor Wickham - Crystal Palace,121
Wilfried Zaha,Striker,987,Wilfried Zaha - Crystal Palace,121
Mateusz Hewelt,Goalkeeper,988,Mateusz Hewelt - Everton,121
Jordan Pickford,Goalkeeper,988,Jordan Pickford - Everton,121
Maarten Stekelenburg,Goalkeeper,988,Maarten Stekelenburg - Everton,121
Joao Virginia,Goalkeeper,988,Joao Virginia - Everton,121
Leighton Baines,Defender,988,Leighton Baines - Everton,121
Tyias Browning,Defender,988,Tyias Browning - Everton,121
Seamus Coleman,Defender,988,Seamus Coleman - Everton,121
Lucas Digne,Defender,988,Lucas Digne - Everton,121
Luke Garbutt,Defender,988,Luke Garbutt - Everton,121
Phil Jagielka,Defender,988,Phil Jagielka - Everton,121
Michael Keane,Defender,988,Michael Keane - Everton,121
Jonjoe Kenny,Defender,988,Jonjoe Kenny - Everton,121
Eliaquim Mangala,Defender,988,Eliaquim Mangala - Everton,121
Cuco Martina,Defender,988,Cuco Martina - Everton,121
Yerry Mina,Defender,988,Yerry Mina - Everton,121
Matthew Pennington,Defender,988,Matthew Pennington - Everton,121
Ashley Williams,Defender,988,Ashley Williams - Everton,121
Kurt Zouma,Defender,988,Kurt Zouma - Everton,121
Beni Baningime,Midfielder,988,Beni Baningime - Everton,121
Muhamed Besic,Midfielder,988,Muhamed Besic - Everton,121
Yannick Bolasie,Midfielder,988,Yannick Bolasie - Everton,121
Tom Davies,Midfielder,988,Tom Davies - Everton,121
Kieran Dowell,Midfielder,988,Kieran Dowell - Everton,121
Morgan Feeney,Midfielder,988,Morgan Feeney - Everton,121
Idrissa Gana-Gueye,Midfielder,988,Idrissa Gana-Gueye - Everton,121
Andre Gomes,Midfielder,988,Andre Gomes - Everton,121
Mason Holgate,Midfielder,988,Mason Holgate - Everton,121
James McCarthy,Midfielder,988,James McCarthy - Everton,121
Kevin Mirallas,Midfielder,988,Kevin Mirallas - Everton,121
Morgan Schneiderlin,Midfielder,988,Morgan Schneiderlin - Everton,121
Gylfi Sigurdsson,Midfielder,988,Gylfi Sigurdsson - Everton,121
Nikola Vlasic,Midfielder,988,Nikola Vlasic - Everton,121
Theo Walcott,Midfielder,988,Theo Walcott - Everton,121
Joe Williams,Midfielder,988,Joe Williams - Everton,121
Bernard,Striker,988,Bernard - Everton,121
Dominic Calvert-Lewin,Striker,988,Dominic Calvert-Lewin - Everton,121
Richarlison deAndrade,Striker,988,Richarlison deAndrade - Everton,121
Ademola Lookman,Striker,988,Ademola Lookman - Everton,121
Oumar Niasse,Striker,988,Oumar Niasse - Everton,121
Henry Onyekuru,Striker,988,Henry Onyekuru - Everton,121
Sandro Ramirez,Striker,988,Sandro Ramirez - Everton,121
Bassala Sambou,Striker,988,Bassala Sambou - Everton,121
Shani Tarashaj,Striker,988,Shani Tarashaj - Everton,121
Cenk Tosun,Striker,988,Cenk Tosun - Everton,121
Marcus Bettinelli,Goalkeeper,989,Marcus Bettinelli - Fulham,121
Fabri(cio) Agosto Ramirez,Goalkeeper,989,Fabri(cio) Agosto Ramirez - Fulham,121
Sergio Rico,Goalkeeper,989,Sergio Rico - Fulham,121
Joe Bryan,Defender,989,Joe Bryan - Fulham,121
Calum Chambers,Defender,989,Calum Chambers - Fulham,121
Cyrus Christie,Defender,989,Cyrus Christie - Fulham,121
Marcelo Djalo,Defender,989,Marcelo Djalo - Fulham,121
Adetayo Edun,Defender,989,Adetayo Edun - Fulham,121
Timothy Fosu-Mensah,Defender,989,Timothy Fosu-Mensah - Fulham,121
Tomas Kalas,Defender,989,Tomas Kalas - Fulham,121
Maxime Le Marchand,Defender,989,Maxime Le Marchand - Fulham,121
Alfie Mawson,Defender,989,Alfie Mawson - Fulham,121
Denis Odoi,Defender,989,Denis Odoi - Fulham,121
Tim Ream,Defender,989,Tim Ream - Fulham,121
Joe Ryan,Defender,989,Joe Ryan - Fulham,121
Ryan Sessegnon,Defender,989,Ryan Sessegnon - Fulham,121
Zeze Steven Sessegnon,Defender,989,Zeze Steven Sessegnon - Fulham,121
Tom Cairney,Midfielder,989,Tom Cairney - Fulham,121
Ibrahima Cisse,Midfielder,989,Ibrahima Cisse - Fulham,121
Stefan Johansen,Midfielder,989,Stefan Johansen - Fulham,121
Neeskens Kebano,Midfielder,989,Neeskens Kebano - Fulham,121
Kevin McDonald,Midfielder,989,Kevin McDonald - Fulham,121
Oliver Norwood,Midfielder,989,Oliver Norwood - Fulham,121
Lucas Piazon,Midfielder,989,Lucas Piazon - Fulham,121
Andre Schurrle,Midfielder,989,Andre Schurrle - Fulham,121
Jean Michael Seri,Midfielder,989,Jean Michael Seri - Fulham,121
Andre-Frank Zambo Anguissa,Midfielder,989,Andre-Frank Zambo Anguissa - Fulham,121
Floyd Ayite,Striker,989,Floyd Ayite - Fulham,121
Lucas De La Torre,Striker,989,Lucas De La Torre - Fulham,121
Rui Fonte,Striker,989,Rui Fonte - Fulham,121
Aboubakar Kamara,Striker,989,Aboubakar Kamara - Fulham,121
Aleksandar Mitrovic,Striker,989,Aleksandar Mitrovic - Fulham,121
Luciano Vietto,Striker,989,Luciano Vietto - Fulham,121
Joel Coleman,Goalkeeper,990,Joel Coleman - Huddersfield Town,121
Ben Hamer,Goalkeeper,990,Ben Hamer - Huddersfield Town,121
Jonas Lossl,Goalkeeper,990,Jonas Lossl - Huddersfield Town,121
Martin Cranie,Defender,990,Martin Cranie - Huddersfield Town,121
Erik Durm,Defender,990,Erik Durm - Huddersfield Town,121
Florent Hadergjonaj,Defender,990,Florent Hadergjonaj - Huddersfield Town,121
Marko Hudson,Defender,990,Marko Hudson - Huddersfield Town,121
Mathias Jorgensen,Defender,990,Mathias Jorgensen - Huddersfield Town,121
Terence Kongolo,Defender,990,Terence Kongolo - Huddersfield Town,121
Chris Lowe,Defender,990,Chris Lowe - Huddersfield Town,121
Christopher Schindler,Defender,990,Christopher Schindler - Huddersfield Town,121
Tommy Smith,Defender,990,Tommy Smith - Huddersfield Town,121
Juninho Bacuna,Midfielder,990,Juninho Bacuna - Huddersfield Town,121
Philippe Billing,Midfielder,990,Philippe Billing - Huddersfield Town,121
Regan Booty,Midfielder,990,Regan Booty - Huddersfield Town,121
Adama Diakhaby,Midfielder,990,Adama Diakhaby - Huddersfield Town,121
Jonathan Hogg,Midfielder,990,Jonathan Hogg - Huddersfield Town,121
Isaac Mbenza,Midfielder,990,Isaac Mbenza - Huddersfield Town,121
Aaron Mooy,Midfielder,990,Aaron Mooy - Huddersfield Town,121
Jack Payne,Midfielder,990,Jack Payne - Huddersfield Town,121
Alex Pritchard,Midfielder,990,Alex Pritchard - Huddersfield Town,121
Abdelhamid Sabiri,Midfielder,990,Abdelhamid Sabiri - Huddersfield Town,121
Ramadan Sobhi,Midfielder,990,Ramadan Sobhi - Huddersfield Town,121
Jon Stankovic,Midfielder,990,Jon Stankovic - Huddersfield Town,121
Rajiv van La Parra,Midfielder,990,Rajiv van La Parra - Huddersfield Town,121
Danny Williams,Midfielder,990,Danny Williams - Huddersfield Town,121
Isiah Brown,Striker,990,Isiah Brown - Huddersfield Town,121
Laurent Depoitre,Striker,990,Laurent Depoitre - Huddersfield Town,121
Elias Kachunga,Striker,990,Elias Kachunga - Huddersfield Town,121
Joe Lolley,Striker,990,Joe Lolley - Huddersfield Town,121
Steve Mounie,Striker,990,Steve Mounie - Huddersfield Town,121
Collin Quaner,Striker,990,Collin Quaner - Huddersfield Town,121
Sean Scannell,Striker,990,Sean Scannell - Huddersfield Town,121
Eldin Jakupovic,Goalkeeper,991,Eldin Jakupovic - Leicester City,121
Kasper Schmeichel,Goalkeeper,991,Kasper Schmeichel - Leicester City,121
Danny Ward,Goalkeeper,991,Danny Ward - Leicester City,121
Yohan Benalouane,Defender,991,Yohan Benalouane - Leicester City,121
Filip Benkovic,Defender,991,Filip Benkovic - Leicester City,121
Ben Chilwell,Defender,991,Ben Chilwell - Leicester City,121
Aleksandar Dragovic,Defender,991,Aleksandar Dragovic - Leicester City,121
Jonny Evans,Defender,991,Jonny Evans - Leicester City,121
Christian Fuchs,Defender,991,Christian Fuchs - Leicester City,121
Harry Maguire,Defender,991,Harry Maguire - Leicester City,121
Elliot Moore,Defender,991,Elliot Moore - Leicester City,121
Wes Morgan,Defender,991,Wes Morgan - Leicester City,121
Ricardo Pereira,Defender,991,Ricardo Pereira - Leicester City,121
Danny Simpson,Defender,991,Danny Simpson - Leicester City,121
Caglar Soyuncu,Defender,991,Caglar Soyuncu - Leicester City,121
Marc Albrighton,Midfielder,991,Marc Albrighton - Leicester City,121
Daniel Amartey,Midfielder,991,Daniel Amartey - Leicester City,121
Harvey Barnes,Midfielder,991,Harvey Barnes - Leicester City,121
Mamza Choudhury,Midfielder,991,Mamza Choudhury - Leicester City,121
Fousseni Diabate,Midfielder,991,Fousseni Diabate - Leicester City,121
Rachid Ghezzal,Midfielder,991,Rachid Ghezzal - Leicester City,121
Demarai Gray,Midfielder,991,Demarai Gray - Leicester City,121
Sam Hughes,Midfielder,991,Sam Hughes - Leicester City,121
Vicente Iborra,Midfielder,991,Vicente Iborra - Leicester City,121
Matty James,Midfielder,991,Matty James - Leicester City,121
Bartosz Kapustka,Midfielder,991,Bartosz Kapustka - Leicester City,121
James Maddison,Midfielder,991,James Maddison - Leicester City,121
Nampalys Mendy,Midfielder,991,Nampalys Mendy - Leicester City,121
Onyinye Wilfred Ndidi,Midfielder,991,Onyinye Wilfred Ndidi - Leicester City,121
Layton Ndukwu,Midfielder,991,Layton Ndukwu - Leicester City,121
Adrien Silva,Midfielder,991,Adrien Silva - Leicester City,121
George Thomas,Midfielder,991,George Thomas - Leicester City,121
Kelechi Iheanacho,Striker,991,Kelechi Iheanacho - Leicester City,121
Shinji Okazaki,Striker,991,Shinji Okazaki - Leicester City,121
Islam Slimani,Striker,991,Islam Slimani - Leicester City,121
Raul Uche-Rubio,Striker,991,Raul Uche-Rubio - Leicester City,121
Jamie Vardy,Striker,991,Jamie Vardy - Leicester City,121
Allison (Becker),Goalkeeper,992,Allison (Becker) - Liverpool,121
Adam Bogdan,Goalkeeper,992,Adam Bogdan - Liverpool,121
Loris Karius,Goalkeeper,992,Loris Karius - Liverpool,121
Simon Mignolet,Goalkeeper,992,Simon Mignolet - Liverpool,121
Trent Alexander-Arnold,Defender,992,Trent Alexander-Arnold - Liverpool,121
Nathaniel Clyne,Defender,992,Nathaniel Clyne - Liverpool,121
Fabinho,Defender,992,Fabinho - Liverpool,121
Joe Gomez,Defender,992,Joe Gomez - Liverpool,121
Dejan Lovren,Defender,992,Dejan Lovren - Liverpool,121
Joel Matip,Defender,992,Joel Matip - Liverpool,121
Alberto Moreno,Defender,992,Alberto Moreno - Liverpool,121
Connor Randall,Defender,992,Connor Randall - Liverpool,121
Andrew Robertson,Defender,992,Andrew Robertson - Liverpool,121
Virgil van Dijk,Defender,992,Virgil van Dijk - Liverpool,121
Alex Oxlade-Chamberlain,Midfielder,992,Alex Oxlade-Chamberlain - Liverpool,121
Pedro Chirivella,Midfielder,992,Pedro Chirivella - Liverpool,121
Oviemuno Ejaria,Midfielder,992,Oviemuno Ejaria - Liverpool,121
Marko Grujic,Midfielder,992,Marko Grujic - Liverpool,121
Jordan Henderson,Midfielder,992,Jordan Henderson - Liverpool,121
Curtis Jones,Midfielder,992,Curtis Jones - Liverpool,121
Naby Keita,Midfielder,992,Naby Keita - Liverpool,121
Ryan Kent,Midfielder,992,Ryan Kent - Liverpool,121
Adam Lallana,Midfielder,992,Adam Lallana - Liverpool,121
Lazar Markovic,Midfielder,992,Lazar Markovic - Liverpool,121
James Milner,Midfielder,992,James Milner - Liverpool,121
Sheyi Ojo,Midfielder,992,Sheyi Ojo - Liverpool,121
Mohamed Salah,Midfielder,992,Mohamed Salah - Liverpool,121
Xherdan Shaqiri,Midfielder,992,Xherdan Shaqiri - Liverpool,121
Georginio Wijnaldum,Midfielder,992,Georginio Wijnaldum - Liverpool,121
Harry Wilson,Midfielder,992,Harry Wilson - Liverpool,121
Ben Woodburn,Midfielder,992,Ben Woodburn - Liverpool,121
Rhian Brewster,Striker,992,Rhian Brewster - Liverpool,121
Roberto Firmino,Striker,992,Roberto Firmino - Liverpool,121
Sadio Mane,Striker,992,Sadio Mane - Liverpool,121
Divock Origi,Striker,992,Divock Origi - Liverpool,121
Dominic Solanke,Striker,992,Dominic Solanke - Liverpool,121
Daniel Sturridge,Striker,992,Daniel Sturridge - Liverpool,121
Claudio Bravo,Goalkeeper,993,Claudio Bravo - Manchester City,121
Aro Muric,Goalkeeper,993,Aro Muric - Manchester City,121
Ederson Santana de Moraes,Goalkeeper,993,Ederson Santana de Moraes - Manchester City,121
Oluwatosin Adarabioyo,Defender,993,Oluwatosin Adarabioyo - Manchester City,121
Pablo Maffeo Becerra,Defender,993,Pablo Maffeo Becerra - Manchester City,121
Danilo,Defender,993,Danilo - Manchester City,121
Demeaco Duhaney,Defender,993,Demeaco Duhaney - Manchester City,121
Cameron Humphreys-Grant,Defender,993,Cameron Humphreys-Grant - Manchester City,121
Vincent Kompany,Defender,993,Vincent Kompany - Manchester City,121
Aymeric Laporte,Defender,993,Aymeric Laporte - Manchester City,121
Benjamin Mendy,Defender,993,Benjamin Mendy - Manchester City,121
Nicolas Otamendi,Defender,993,Nicolas Otamendi - Manchester City,121
Philippe Sandler,Defender,993,Philippe Sandler - Manchester City,121
John Stones,Defender,993,John Stones - Manchester City,121
Jose Angel Esmoris Tasende,Defender,993,Jose Angel Esmoris Tasende - Manchester City,121
Kyle Walker,Defender,993,Kyle Walker - Manchester City,121
Manuel Garcia Alonso,Midfielder,993,Manuel Garcia Alonso - Manchester City,121
Daniel Arzani,Midfielder,993,Daniel Arzani - Manchester City,121
Luke Brattan,Midfielder,993,Luke Brattan - Manchester City,121
Anthony Caceres,Midfielder,993,Anthony Caceres - Manchester City,121
Kevin de Bruyne,Midfielder,993,Kevin de Bruyne - Manchester City,121
Ayotomiwa Dele-Bashiru,Midfielder,993,Ayotomiwa Dele-Bashiru - Manchester City,121
Fabian Delph,Midfielder,993,Fabian Delph - Manchester City,121
Brahim Diaz,Midfielder,993,Brahim Diaz - Manchester City,121
Fernandinho,Midfielder,993,Fernandinho - Manchester City,121
Aleix Garcia-Serrano,Midfielder,993,Aleix Garcia-Serrano - Manchester City,121
Claudio Gomes,Midfielder,993,Claudio Gomes - Manchester City,121
Ilkay Gundogan,Midfielder,993,Ilkay Gundogan - Manchester City,121
Jack Harrison,Midfielder,993,Jack Harrison - Manchester City,121
Douglas Luiz (Soares de Pauo),Midfielder,993,Douglas Luiz (Soares de Pauo) - Manchester City,121
Riyad Mahrez,Midfielder,993,Riyad Mahrez - Manchester City,121
Patrick Roberts,Midfielder,993,Patrick Roberts - Manchester City,121
Leroy Sane,Midfielder,993,Leroy Sane - Manchester City,121
David Silva,Midfielder,993,David Silva - Manchester City,121
Raheem Sterling,Midfielder,993,Raheem Sterling - Manchester City,121
Oleksandr Zinchenko,Midfielder,993,Oleksandr Zinchenko - Manchester City,121
Sergio Aguero,Striker,993,Sergio Aguero - Manchester City,121
Brandon Barker,Striker,993,Brandon Barker - Manchester City,121
Phil Foden,Striker,993,Phil Foden - Manchester City,121
Daniel Grimshaw,Striker,993,Daniel Grimshaw - Manchester City,121
Gabriel (Fernando de) Jesus,Striker,993,Gabriel (Fernando de) Jesus - Manchester City,121
Olarenwaju Kayode,Striker,993,Olarenwaju Kayode - Manchester City,121
Marlos Moreno,Striker,993,Marlos Moreno - Manchester City,121
Lucas Nmecha,Striker,993,Lucas Nmecha - Manchester City,121
Bernardo Silva,Striker,993,Bernardo Silva - Manchester City,121
Joel Castro Pereira,Goalkeeper,994,Joel Castro Pereira - Manchester United,121
David De Gea,Goalkeeper,994,David De Gea - Manchester United,121
Lee Grant,Goalkeeper,994,Lee Grant - Manchester United,121
Dean Henderson,Goalkeeper,994,Dean Henderson - Manchester United,121
Kieran O'Hara,Goalkeeper,994,Kieran O'Hara - Manchester United,121
Sergio Romero,Goalkeeper,994,Sergio Romero - Manchester United,121
Eric Bailly,Defender,994,Eric Bailly - Manchester United,121
Cameron Borthwick-Jackson,Defender,994,Cameron Borthwick-Jackson - Manchester United,121
Diego Dalot,Defender,994,Diego Dalot - Manchester United,121
Matteo Darmian,Defender,994,Matteo Darmian - Manchester United,121
Phil Jones,Defender,994,Phil Jones - Manchester United,121
Victor Lindelof,Defender,994,Victor Lindelof - Manchester United,121
Demetri Mitchell,Defender,994,Demetri Mitchell - Manchester United,121
Regan Poole,Defender,994,Regan Poole - Manchester United,121
Marcos Rojo,Defender,994,Marcos Rojo - Manchester United,121
Luke Shaw,Defender,994,Luke Shaw - Manchester United,121
Chris Smalling,Defender,994,Chris Smalling - Manchester United,121
Axel Tuanzebe,Defender,994,Axel Tuanzebe - Manchester United,121
Antonio Valencia,Defender,994,Antonio Valencia - Manchester United,121
Ro-Shaun Williams,Defender,994,Ro-Shaun Williams - Manchester United,121
Zachery Dearnley,Midfielder,994,Zachery Dearnley - Manchester United,121
Marouane Fellaini,Midfielder,994,Marouane Fellaini - Manchester United,121
Fred(erico) Rodrigues de Paula Santos,Midfielder,994,Fred(erico) Rodrigues de Paula Santos - Manchester United,121
Angel Gomes,Midfielder,994,Angel Gomes - Manchester United,121
Ander Herrera,Midfielder,994,Ander Herrera - Manchester United,121
Jesse Lingard,Midfielder,994,Jesse Lingard - Manchester United,121
Juan Mata,Midfielder,994,Juan Mata - Manchester United,121
Nemanja Matic,Midfielder,994,Nemanja Matic - Manchester United,121
Scott McTominay,Midfielder,994,Scott McTominay - Manchester United,121
Andreas Pereira,Midfielder,994,Andreas Pereira - Manchester United,121
Paul Pogba,Midfielder,994,Paul Pogba - Manchester United,121
Matthew Willock,Midfielder,994,Matthew Willock - Manchester United,121
Ashley Young,Midfielder,994,Ashley Young - Manchester United,121
Romelu Lukaku,Striker,994,Romelu Lukaku - Manchester United,121
Anthony Martial,Striker,994,Anthony Martial - Manchester United,121
Marcus Rashford,Striker,994,Marcus Rashford - Manchester United,121
Alexis Sanchez,Striker,994,Alexis Sanchez - Manchester United,121
Karl Darlow,Goalkeeper,995,Karl Darlow - Newcastle United,121
Martin Dubravka,Goalkeeper,995,Martin Dubravka - Newcastle United,121
Rob Elliott,Goalkeeper,995,Rob Elliott - Newcastle United,121
Ciaran Clark,Defender,995,Ciaran Clark - Newcastle United,121
Paul Dummett,Defender,995,Paul Dummett - Newcastle United,121
Fedeico Fernandez,Defender,995,Fedeico Fernandez - Newcastle United,121
Jesus Gamez,Defender,995,Jesus Gamez - Newcastle United,121
Massadio Haidara,Defender,995,Massadio Haidara - Newcastle United,121
Isaac Hayden,Defender,995,Isaac Hayden - Newcastle United,121
Jamaal Lascelles,Defender,995,Jamaal Lascelles - Newcastle United,121
Achraf Lazaar,Defender,995,Achraf Lazaar - Newcastle United,121
Florian Lejeune,Defender,995,Florian Lejeune - Newcastle United,121
Javier Manquillo,Defender,995,Javier Manquillo - Newcastle United,121
Stefan O'Connor,Defender,995,Stefan O'Connor - Newcastle United,121
Fabian Schar,Defender,995,Fabian Schar - Newcastle United,121
Jamie Sterry,Defender,995,Jamie Sterry - Newcastle United,121
Josef Yarney,Defender,995,Josef Yarney - Newcastle United,121
DeAndre Yedlin,Defender,995,DeAndre Yedlin - Newcastle United,121
Rolando Aarons,Midfielder,995,Rolando Aarons - Newcastle United,121
Christian Atsu,Midfielder,995,Christian Atsu - Newcastle United,121
Jack Colback,Midfielder,995,Jack Colback - Newcastle United,121
Mohamed Diame,Midfielder,995,Mohamed Diame - Newcastle United,121
Robert Kenedy Nunes Nascimento,Midfielder,995,Robert Kenedy Nunes Nascimento - Newcastle United,121
Jacob Murphy,Midfielder,995,Jacob Murphy - Newcastle United,121
Matt Ritchie,Midfielder,995,Matt Ritchie - Newcastle United,121
Jonjo Shelvey,Midfielder,995,Jonjo Shelvey - Newcastle United,121
Ki Sung-Yeung,Midfielder,995,Ki Sung-Yeung - Newcastle United,121
Dwight Gayle,Striker,995,Dwight Gayle - Newcastle United,121
Joselu,Striker,995,Joselu - Newcastle United,121
Yoshinori Muto,Striker,995,Yoshinori Muto - Newcastle United,121
Ayoze Perez,Striker,995,Ayoze Perez - Newcastle United,121
Saloman Rondon,Striker,995,Saloman Rondon - Newcastle United,121
Fraser Forster,Goalkeeper,996,Fraser Forster - Southampton,121
Angus Gunn,Goalkeeper,996,Angus Gunn - Southampton,121
Alex McCarthy,Goalkeeper,996,Alex McCarthy - Southampton,121
Jan Bednarek,Defender,996,Jan Bednarek - Southampton,121
Ryan Bertrand,Defender,996,Ryan Bertrand - Southampton,121
Wesley Hoedt,Defender,996,Wesley Hoedt - Southampton,121
Cedric Soares,Defender,996,Cedric Soares - Southampton,121
Jack Stephens,Defender,996,Jack Stephens - Southampton,121
Matt Targett,Defender,996,Matt Targett - Southampton,121
Jannick Vestergaard,Defender,996,Jannick Vestergaard - Southampton,121
Maya Yoshida,Defender,996,Maya Yoshida - Southampton,121
Stuart Armstrong,Midfielder,996,Stuart Armstrong - Southampton,121
Sofiane Boufal,Midfielder,996,Sofiane Boufal - Southampton,121
Jordy Clasie,Midfielder,996,Jordy Clasie - Southampton,121
Steven Davis,Midfielder,996,Steven Davis - Southampton,121
Jake Hesketh,Midfielder,996,Jake Hesketh - Southampton,121
Pierre-Emile Hojbjerg,Midfielder,996,Pierre-Emile Hojbjerg - Southampton,121
Mario Lemina,Midfielder,996,Mario Lemina - Southampton,121
Sam McQueen,Midfielder,996,Sam McQueen - Southampton,121
Nathan Redmond,Midfielder,996,Nathan Redmond - Southampton,121
Harrison Reed,Midfielder,996,Harrison Reed - Southampton,121
Oriol Romeu,Midfielder,996,Oriol Romeu - Southampton,121
James Ward-Prowse,Midfielder,996,James Ward-Prowse - Southampton,121
Charlie Austin,Striker,996,Charlie Austin - Southampton,121
Guido Carrillo,Striker,996,Guido Carrillo - Southampton,121
Mohamed Elyounoussi,Striker,996,Mohamed Elyounoussi - Southampton,121
Manolo Gabbiadini,Striker,996,Manolo Gabbiadini - Southampton,121
Danny Ings,Striker,996,Danny Ings - Southampton,121
Shane Long,Striker,996,Shane Long - Southampton,121
Josh Sims,Striker,996,Josh Sims - Southampton,121
Paulo Gazzaniga,Goalkeeper,997,Paulo Gazzaniga - Tottenham Hotspur,121
Hugo Lloris,Goalkeeper,997,Hugo Lloris - Tottenham Hotspur,121
Michel Vorm,Goalkeeper,997,Michel Vorm - Tottenham Hotspur,121
Alfie Whiteman,Goalkeeper,997,Alfie Whiteman - Tottenham Hotspur,121
Toby Alderweireld,Defender,997,Toby Alderweireld - Tottenham Hotspur,121
Serge Aurier,Defender,997,Serge Aurier - Tottenham Hotspur,121
Cameron Carter-Vickers,Defender,997,Cameron Carter-Vickers - Tottenham Hotspur,121
Ben Davies,Defender,997,Ben Davies - Tottenham Hotspur,121
Eric Dier,Defender,997,Eric Dier - Tottenham Hotspur,121
Juan Foyth,Defender,997,Juan Foyth - Tottenham Hotspur,121
Danny Rose,Defender,997,Danny Rose - Tottenham Hotspur,121
Davinson Sanchez-Mina,Defender,997,Davinson Sanchez-Mina - Tottenham Hotspur,121
Kieran Trippier,Defender,997,Kieran Trippier - Tottenham Hotspur,121
Jan Vertonghen,Defender,997,Jan Vertonghen - Tottenham Hotspur,121
Kyle Walker-Peters,Defender,997,Kyle Walker-Peters - Tottenham Hotspur,121
Dele Alli,Midfielder,997,Dele Alli - Tottenham Hotspur,121
Luke Amos,Midfielder,997,Luke Amos - Tottenham Hotspur,121
Mousa Dembele,Midfielder,997,Mousa Dembele - Tottenham Hotspur,121
Christian Eriksen,Midfielder,997,Christian Eriksen - Tottenham Hotspur,121
Erik Lamela,Midfielder,997,Erik Lamela - Tottenham Hotspur,121
Lucas Moura,Midfielder,997,Lucas Moura - Tottenham Hotspur,121
Clinton N'Jie,Midfielder,997,Clinton N'Jie - Tottenham Hotspur,121
Georges-Kevin N'Koudou,Midfielder,997,Georges-Kevin N'Koudou - Tottenham Hotspur,121
Joshua Onomah,Midfielder,997,Joshua Onomah - Tottenham Hotspur,121
Moussa Sissoko,Midfielder,997,Moussa Sissoko - Tottenham Hotspur,121
Victor Wanyama,Midfielder,997,Victor Wanyama - Tottenham Hotspur,121
Harry Winks,Midfielder,997,Harry Winks - Tottenham Hotspur,121
Vincent Janssen,Striker,997,Vincent Janssen - Tottenham Hotspur,121
Harry Kane,Striker,997,Harry Kane - Tottenham Hotspur,121
Fernando Llorente,Striker,997,Fernando Llorente - Tottenham Hotspur,121
Samuel Shashoua,Striker,997,Samuel Shashoua - Tottenham Hotspur,121
Heung-Min Son,Striker,997,Heung-Min Son - Tottenham Hotspur,121
Giedrius Arlauskis,Goalkeeper,998,Giedrius Arlauskis - Watford,121
Daniel Bachmann,Goalkeeper,998,Daniel Bachmann - Watford,121
Pontus Dahlberg,Goalkeeper,998,Pontus Dahlberg - Watford,121
Ben Foster,Goalkeeper,998,Ben Foster - Watford,121
Heurelho Gomes,Goalkeeper,998,Heurelho Gomes - Watford,121
Orestis Karnezis,Goalkeeper,998,Orestis Karnezis - Watford,121
Miguel Britos,Defender,998,Miguel Britos - Watford,121
Craig Cathcart,Defender,998,Craig Cathcart - Watford,121
Brice Dja Djede,Defender,998,Brice Dja Djede - Watford,121
Andrew Eleftheriou,Defender,998,Andrew Eleftheriou - Watford,121
Pervis Estupinan,Defender,998,Pervis Estupinan - Watford,121
Tommie Hoban,Defender,998,Tommie Hoban - Watford,121
Jose Holebas,Defender,998,Jose Holebas - Watford,121
Daryl Janmaat,Defender,998,Daryl Janmaat - Watford,121
Christian Kabasele,Defender,998,Christian Kabasele - Watford,121
Younes Kaboul,Defender,998,Younes Kaboul - Watford,121
Adrian Mariappa,Defender,998,Adrian Mariappa - Watford,121
Adam Masina,Defender,998,Adam Masina - Watford,121
Marc Navarro,Defender,998,Marc Navarro - Watford,121
Sebastian Prodl,Defender,998,Sebastian Prodl - Watford,121
Ben Wilmot,Defender,998,Ben Wilmot - Watford,121
Etienne Capoue,Midfielder,998,Etienne Capoue - Watford,121
Andre Carrillo,Midfielder,998,Andre Carrillo - Watford,121
Nathaniel Chalobah,Midfielder,998,Nathaniel Chalobah - Watford,121
Tom Cleverley,Midfielder,998,Tom Cleverley - Watford,121
Abdoulaye Doucoure,Midfielder,998,Abdoulaye Doucoure - Watford,121
Kiko Femenia Far,Midfielder,998,Kiko Femenia Far - Watford,121
Will Hughes,Midfielder,998,Will Hughes - Watford,121
Didier Ndong,Midfielder,998,Didier Ndong - Watford,121
Dion Pereira,Midfielder,998,Dion Pereira - Watford,121
Roberto Pereyra,Midfielder,998,Roberto Pereyra - Watford,121
Domingos Quina,Midfielder,998,Domingos Quina - Watford,121
Ken Sema,Midfielder,998,Ken Sema - Watford,121
Marvin Zeegelaar,Midfielder,998,Marvin Zeegelaar - Watford,121
Troy Deeney,Striker,998,Troy Deeney - Watford,121
Gerard Deulofeu,Striker,998,Gerard Deulofeu - Watford,121
Andre Gray,Striker,998,Andre Gray - Watford,121
Stefano Okaka,Striker,998,Stefano Okaka - Watford,121
Mamadou Obbi Oulare,Striker,998,Mamadou Obbi Oulare - Watford,121
Adalberto Penaranda,Striker,998,Adalberto Penaranda - Watford,121
Jerome Sinclair,Striker,998,Jerome Sinclair - Watford,121
Isaac Success,Striker,998,Isaac Success - Watford,121
Adrian,Goalkeeper,999,Adrian - West Ham United,121
Lucasz Fabianski,Goalkeeper,999,Lucasz Fabianski - West Ham United,121
Raphael Spiegel,Goalkeeper,999,Raphael Spiegel - West Ham United,121
Fabian Balbuena,Defender,999,Fabian Balbuena - West Ham United,121
Sam Byram,Defender,999,Sam Byram - West Ham United,121
Aaron Cresswell,Defender,999,Aaron Cresswell - West Ham United,121
Issa Diop,Defender,999,Issa Diop - West Ham United,121
Ryan Fredericks,Defender,999,Ryan Fredericks - West Ham United,121
Arthur Masuaku,Defender,999,Arthur Masuaku - West Ham United,121
Angelo Ogbonna,Defender,999,Angelo Ogbonna - West Ham United,121
Winston Reid,Defender,999,Winston Reid - West Ham United,121
Declan Rice,Defender,999,Declan Rice - West Ham United,121
Pablo Maffeo Zabaleta,Defender,999,Pablo Maffeo Zabaleta - West Ham United,121
Felipe Anderson,Midfielder,999,Felipe Anderson - West Ham United,121
Michail Antonio,Midfielder,999,Michail Antonio - West Ham United,121
Marcus Browne,Midfielder,999,Marcus Browne - West Ham United,121
Conor Coventry,Midfielder,999,Conor Coventry - West Ham United,121
Josh Cullen,Midfielder,999,Josh Cullen - West Ham United,121
Edimilson Fernandes,Midfielder,999,Edimilson Fernandes - West Ham United,121
Sead Haksabanovic,Midfielder,999,Sead Haksabanovic - West Ham United,121
Nathan Holland,Midfielder,999,Nathan Holland - West Ham United,121
Dan Kemp,Midfielder,999,Dan Kemp - West Ham United,121
Manuel Lanzini,Midfielder,999,Manuel Lanzini - West Ham United,121
Moses Makasi,Midfielder,999,Moses Makasi - West Ham United,121
Joao Mario,Midfielder,999,Joao Mario - West Ham United,121
Mark Noble,Midfielder,999,Mark Noble - West Ham United,121
Pedro Obiang,Midfielder,999,Pedro Obiang - West Ham United,121
Reece Oxford,Midfielder,999,Reece Oxford - West Ham United,121
Lucas Perez,Midfielder,999,Lucas Perez - West Ham United,121
Joel Powell,Midfielder,999,Joel Powell - West Ham United,121
Carlos Sanchez,Midfielder,999,Carlos Sanchez - West Ham United,121
Robert Snodgrass,Midfielder,999,Robert Snodgrass - West Ham United,121
Jack Wilshere,Midfielder,999,Jack Wilshere - West Ham United,121
Andriy Yarmolenko,Midfielder,999,Andriy Yarmolenko - West Ham United,121
Marko Arnautovic,Striker,999,Marko Arnautovic - West Ham United,121
Andy Carroll,Striker,999,Andy Carroll - West Ham United,121
Javier Hernandez,Striker,999,Javier Hernandez - West Ham United,121
Jordan Hugill,Striker,999,Jordan Hugill - West Ham United,121
Toni Martinez-Lopez,Striker,999,Toni Martinez-Lopez - West Ham United,121
Alex Pike,Striker,999,Alex Pike - West Ham United,121
Will Norris,Goalkeeper,1000,Will Norris - Wolves,121
Rui Patricio,Goalkeeper,1000,Rui Patricio - Wolves,121
John Ruddy,Goalkeeper,1000,John Ruddy - Wolves,121
Danny Batth,Defender,1000,Danny Batth - Wolves,121
Ryan Bennett,Defender,1000,Ryan Bennett - Wolves,121
Willy Boly,Defender,1000,Willy Boly - Wolves,121
Jonny Castro-Otto,Defender,1000,Jonny Castro-Otto - Wolves,121
Conor Coady,Defender,1000,Conor Coady - Wolves,121
Matt Doherty,Defender,1000,Matt Doherty - Wolves,121
Kourtney Hause,Defender,1000,Kourtney Hause - Wolves,121
Phil Ofosu-Ayeh,Defender,1000,Phil Ofosu-Ayeh - Wolves,121
Roderick,Defender,1000,Roderick - Wolves,121
Romain Saiss,Defender,1000,Romain Saiss - Wolves,121
Ruben Vinagre,Defender,1000,Ruben Vinagre - Wolves,121
Oskar Buur,Midfielder,1000,Oskar Buur - Wolves,121
Leander Dendoncker,Midfielder,1000,Leander Dendoncker - Wolves,121
Morgan Gibbs-White,Midfielder,1000,Morgan Gibbs-White - Wolves,121
Pedro Goncalves,Midfielder,1000,Pedro Goncalves - Wolves,121
Jordan Graham,Midfielder,1000,Jordan Graham - Wolves,121
Diogo Jose Jota,Midfielder,1000,Diogo Jose Jota - Wolves,121
Joao Moutinho,Midfielder,1000,Joao Moutinho - Wolves,121
Alfred N'Diaye,Midfielder,1000,Alfred N'Diaye - Wolves,121
Ruben Neves,Midfielder,1000,Ruben Neves - Wolves,121
Adama Traore,Midfielder,1000,Adama Traore - Wolves,121
Benik Afobe,Striker,1000,Benik Afobe - Wolves,121
Lohner Leo Bonatini,Striker,1000,Lohner Leo Bonatini - Wolves,121
Ivan Cavaleiro,Striker,1000,Ivan Cavaleiro - Wolves,121
Bright Enobakhare,Striker,1000,Bright Enobakhare - Wolves,121
Wander Helder-Costa,Striker,1000,Wander Helder-Costa - Wolves,121
Raul Jimenez,Striker,1000,Raul Jimenez - Wolves,121
Rafael Mir Vincente,Striker,1000,Rafael Mir Vincente - Wolves,121
